<?xml version="1.0" encoding="UTF-8"?>
<rss version="2.0" xmlns:ror="http://rorweb.com/0.1/" >
<channel>
  <title>ROR Sitemap for https://vanesaines.github.io/OVNI-Ochoa-Vanesa/index.html</title>
  <link>https://vanesaines.github.io/OVNI-Ochoa-Vanesa/index.html</link>

<item>
     <link>https://vanesaines.github.io/OVNI-Ochoa-Vanesa/index.html</link>
     <title>OVNI Librerias - Inicio</title>
     <description>Productos de libreria escolar y universitaria</description>
     <ror:updatePeriod></ror:updatePeriod>
     <ror:sortOrder>0</ror:sortOrder>
     <ror:resourceOf>sitemap</ror:resourceOf>
</item>
<item>
     <link>https://vanesaines.github.io/OVNI-Ochoa-Vanesa/pages/tutoriales.html</link>
     <title>OVNI - Tutoriales</title>
     <description>Videos para hacer manualidades</description>
     <ror:updatePeriod></ror:updatePeriod>
     <ror:sortOrder>1</ror:sortOrder>
     <ror:resourceOf>sitemap</ror:resourceOf>
</item>
<item>
     <link>https://vanesaines.github.io/OVNI-Ochoa-Vanesa/pages/sucursales.html</link>
     <title>OVNI - Sucursales</title>
     <description>Sucursales de librerias en Cordoba</description>
     <ror:updatePeriod></ror:updatePeriod>
     <ror:sortOrder>1</ror:sortOrder>
     <ror:resourceOf>sitemap</ror:resourceOf>
</item>
<item>
     <link>https://vanesaines.github.io/OVNI-Ochoa-Vanesa/pages/contacto.html</link>
     <title>OVNI - Contacto</title>
     <description>Comprar libreria por menor o mayor</description>
     <ror:updatePeriod></ror:updatePeriod>
     <ror:sortOrder>1</ror:sortOrder>
     <ror:resourceOf>sitemap</ror:resourceOf>
</item>
</channel>
</rss>
  